condition,family,n,rwh,descendant_recall,descendant_precision,bsr,rts,false_repair_rate,uer,drr,oh_replays,oh_model_calls,oh_fhir_reads,oh_capsule_bytes,oh_wall_seconds
A,F1,1,0.3333,0.0,1.0,1.0,0.5,0.0,0.0,1.0,0.0,0.0,0.0,0.0,0.0
B,F1,1,0.3333,0.0,1.0,1.0,0.5,0.0,0.0,1.0,0.0,0.0,0.0,0.0,0.0
C,F1,1,0.0,1.0,0.4444,0.0,1.0,0.0,0.0,1.0,0.0,0.0,0.0,0.0,0.0
D,F1,1,0.0,1.0,1.0,1.0,1.0,0.0,0.0,0.0,4.0,8.0,12.0,12032.0,0.0807
E,F1,1,0.0,1.0,1.0,1.0,1.0,0.0,0.0,0.0,8.0,13.0,18.0,12032.0,0.0977
F,F1,1,0.0,1.0,0.4444,0.0,1.0,0.0,0.0,0.0,0.0,0.0,0.0,24066.0,0.1378
G,F1,1,0.0,1.0,1.0,1.0,1.0,0.0,1.0,1.0,0.0,0.0,0.0,0.0,0.0
H,F1,1,0.0,1.0,1.0,1.0,1.0,0.0,0.0,1.0,4.0,5.0,6.0,0.0,0.0
I,F1,1,0.0,1.0,1.0,1.0,1.0,0.0,0.0,0.0,13.0,22.0,32.0,12032.0,0.119
