condition,n,rwh,descendant_recall,descendant_precision,bsr,rts,false_repair_rate,uer,drr,oh_replays,oh_model_calls,oh_fhir_reads,oh_capsule_bytes,oh_wall_seconds
A,30,0.2667,0.0,1.0,1.0,0.75,0.0,0.1108,1.0,0.0,0.0,0.0,0.0,0.0
B,30,0.2667,0.0,1.0,1.0,0.75,0.0,0.0819,1.0,0.0,0.0,0.0,0.0,0.0
C,30,0.0,1.0,0.2711,0.0,1.0,0.0,0.0,1.0,0.0,0.0,0.0,0.0,0.0
D,30,0.1444,0.4778,0.9833,0.9958,0.8667,0.0,0.0372,0.0,1.0,2.0,3.1333,4815.6667,0.0356
E,30,0.1444,0.4778,0.9833,1.0,0.8667,0.0,0.0347,0.0,2.0,3.5333,5.3333,4815.6667,0.0372
F,30,0.0,1.0,0.3359,0.2405,1.0,0.0,0.0,0.0,0.0,0.0,0.0,16367.0333,0.1073
G,30,0.0,1.0,0.75,0.8675,1.0,0.0,1.0,1.0,0.0,0.0,0.0,0.0,0.0
H,30,0.0,1.0,1.0,1.0,1.0,0.0,0.0,1.0,2.0,3.0,4.5,0.0,0.0
I,30,0.0,1.0,1.0,1.0,1.0,0.0,0.0,0.0,7.8,13.7,21.7,7220.1333,0.083
