condition,incident_id,family,depth,provenance,edge_loss,rwh,descendant_recall,descendant_precision,bsr,rts,false_repair_rate,uer,drr,oh_fhir_reads,oh_model_calls,oh_replays,oh_writes,n_true_contaminated,n_neutralised,n_touched,n_clean,n_retained,n_repaired,n_followups,n_wrong_followups,oh_wall_seconds,oh_capsules,oh_capsule_bytes,oh_rounds
A,INC-F1-T-ID-01-d2-complete-s0,F1,2,complete,0.0,0.3333333333333333,0.0,1.0,1.0,0.5,0.0,0.0,1.0,0,0,0,0,2,0,0,3,3,0,2,1,,,,
B,INC-F1-T-ID-01-d2-complete-s0,F1,2,complete,0.0,0.3333333333333333,0.0,1.0,1.0,0.5,0.0,0.0,1.0,0,0,0,0,2,0,0,3,3,0,2,1,,,,
C,INC-F1-T-ID-01-d2-complete-s0,F1,2,complete,0.0,0.0,1.0,0.4,0.0,1.0,0.0,0.0,1.0,0,0,0,0,2,2,5,3,0,0,2,0,,,,
D,INC-F1-T-ID-01-d2-complete-s0,F1,2,complete,0.0,0.0,1.0,1.0,1.0,1.0,0.0,0.0,0.0,5,4,2,0,2,2,2,3,3,0,2,0,0.0613,9.0,7218.0,3.0
E,INC-F1-T-ID-01-d2-complete-s0,F1,2,complete,0.0,0.0,1.0,1.0,1.0,1.0,0.0,0.0,0.0,8,7,4,2,2,2,2,3,3,2,2,0,0.0581,9.0,7218.0,3.0
F,INC-F1-T-ID-01-d2-complete-s0,F1,2,complete,0.0,0.0,1.0,0.4,0.0,1.0,0.0,0.0,0.0,0,0,0,0,2,2,5,3,0,0,2,0,0.0867,18.0,14441.0,2.0
G,INC-F1-T-ID-01-d2-complete-s0,F1,2,complete,0.0,0.0,1.0,1.0,1.0,1.0,0.0,1.0,1.0,0,0,0,0,2,2,2,3,3,0,2,0,,,,
H,INC-F1-T-ID-01-d2-complete-s0,F1,2,complete,0.0,0.0,1.0,1.0,1.0,1.0,0.0,0.0,1.0,3,3,2,2,2,2,2,3,3,2,2,0,,,,
I,INC-F1-T-ID-01-d2-complete-s0,F1,2,complete,0.0,0.0,1.0,1.0,1.0,1.0,0.0,0.0,0.0,15,12,7,2,2,2,2,3,3,2,2,0,0.0669,9.0,7218.0,2.0
A,INC-F1-T-ID-01-d2-random40-s0,F1,2,random40,0.5,0.3333333333333333,0.0,1.0,1.0,0.5,0.0,0.0,1.0,0,0,0,0,2,0,0,3,3,0,2,1,,,,
B,INC-F1-T-ID-01-d2-random40-s0,F1,2,random40,0.5,0.3333333333333333,0.0,1.0,1.0,0.5,0.0,0.0,1.0,0,0,0,0,2,0,0,3,3,0,2,1,,,,
C,INC-F1-T-ID-01-d2-random40-s0,F1,2,random40,0.5,0.0,1.0,0.4,0.0,1.0,0.0,0.0,1.0,0,0,0,0,2,2,5,3,0,0,2,0,,,,
D,INC-F1-T-ID-01-d2-random40-s0,F1,2,random40,0.5,0.0,1.0,1.0,1.0,1.0,0.0,0.0,0.0,5,4,2,0,2,2,2,3,3,0,2,0,0.0473,9.0,7243.0,3.0
E,INC-F1-T-ID-01-d2-random40-s0,F1,2,random40,0.5,0.0,1.0,1.0,1.0,1.0,0.0,0.0,0.0,8,7,4,2,2,2,2,3,3,2,2,0,0.0505,9.0,7243.0,3.0
F,INC-F1-T-ID-01-d2-random40-s0,F1,2,random40,0.5,0.0,1.0,0.4,0.0,1.0,0.0,0.0,0.0,0,0,0,0,2,2,5,3,0,0,2,0,0.084,18.0,14476.0,2.0
G,INC-F1-T-ID-01-d2-random40-s0,F1,2,random40,0.5,0.0,1.0,1.0,1.0,1.0,0.0,1.0,1.0,0,0,0,0,2,2,2,3,3,0,2,0,,,,
H,INC-F1-T-ID-01-d2-random40-s0,F1,2,random40,0.5,0.0,1.0,1.0,1.0,1.0,0.0,0.0,1.0,3,3,2,2,2,2,2,3,3,2,2,0,,,,
I,INC-F1-T-ID-01-d2-random40-s0,F1,2,random40,0.5,0.0,1.0,1.0,1.0,1.0,0.0,0.0,0.0,15,12,7,2,2,2,2,3,3,2,2,0,0.0676,9.0,7243.0,2.0
A,INC-F1-T-ID-01-d2-targeted-s0,F1,2,targeted,0.5,0.3333333333333333,0.0,1.0,1.0,0.5,0.0,0.0,1.0,0,0,0,0,2,0,0,3,3,0,2,1,,,,
B,INC-F1-T-ID-01-d2-targeted-s0,F1,2,targeted,0.5,0.3333333333333333,0.0,1.0,1.0,0.5,0.0,0.0,1.0,0,0,0,0,2,0,0,3,3,0,2,1,,,,
C,INC-F1-T-ID-01-d2-targeted-s0,F1,2,targeted,0.5,0.0,1.0,0.4,0.0,1.0,0.0,0.0,1.0,0,0,0,0,2,2,5,3,0,0,2,0,,,,
D,INC-F1-T-ID-01-d2-targeted-s0,F1,2,targeted,0.5,0.3333333333333333,0.0,1.0,1.0,0.5,0.0,0.0,0.0,0,0,0,0,2,0,0,3,3,0,2,1,0.0152,3.0,2403.0,1.0
E,INC-F1-T-ID-01-d2-targeted-s0,F1,2,targeted,0.5,0.3333333333333333,0.0,1.0,1.0,0.5,0.0,0.0,0.0,0,0,0,0,2,0,0,3,3,0,2,1,0.0107,3.0,2403.0,1.0
F,INC-F1-T-ID-01-d2-targeted-s0,F1,2,targeted,0.5,0.0,1.0,0.4,0.0,1.0,0.0,0.0,0.0,0,0,0,0,2,2,5,3,0,0,2,0,0.0805,18.0,14456.0,2.0
G,INC-F1-T-ID-01-d2-targeted-s0,F1,2,targeted,0.5,0.0,1.0,1.0,1.0,1.0,0.0,1.0,1.0,0,0,0,0,2,2,2,3,3,0,2,0,,,,
H,INC-F1-T-ID-01-d2-targeted-s0,F1,2,targeted,0.5,0.0,1.0,1.0,1.0,1.0,0.0,0.0,1.0,3,3,2,2,2,2,2,3,3,2,2,0,,,,
I,INC-F1-T-ID-01-d2-targeted-s0,F1,2,targeted,0.5,0.0,1.0,1.0,1.0,1.0,0.0,0.0,0.0,15,12,7,2,2,2,2,3,3,2,2,0,0.0739,9.0,7216.0,2.0
A,INC-F1-T-ID-01-d3-complete-s0,F1,3,complete,0.0,0.3333333333333333,0.0,1.0,1.0,0.5,0.0,0.0,1.0,0,0,0,0,3,0,0,4,4,0,2,1,,,,
B,INC-F1-T-ID-01-d3-complete-s0,F1,3,complete,0.0,0.3333333333333333,0.0,1.0,1.0,0.5,0.0,0.0,1.0,0,0,0,0,3,0,0,4,4,0,2,1,,,,
C,INC-F1-T-ID-01-d3-complete-s0,F1,3,complete,0.0,0.0,1.0,0.42857142857142855,0.0,1.0,0.0,0.0,1.0,0,0,0,0,3,3,7,4,0,0,2,0,,,,
D,INC-F1-T-ID-01-d3-complete-s0,F1,3,complete,0.0,0.0,1.0,1.0,1.0,1.0,0.0,0.0,0.0,9,6,3,0,3,3,3,4,4,0,2,0,0.0627,12.0,9619.0,3.0
E,INC-F1-T-ID-01-d3-complete-s0,F1,3,complete,0.0,0.0,1.0,1.0,1.0,1.0,0.0,0.0,0.0,14,10,6,3,3,3,3,4,4,3,2,0,0.0863,12.0,9619.0,3.0
F,INC-F1-T-ID-01-d3-complete-s0,F1,3,complete,0.0,0.0,1.0,0.42857142857142855,0.0,1.0,0.0,0.0,0.0,0,0,0,0,3,3,7,4,0,0,2,0,0.1116,24.0,19226.0,2.0
G,INC-F1-T-ID-01-d3-complete-s0,F1,3,complete,0.0,0.0,1.0,1.0,1.0,1.0,0.0,1.0,1.0,0,0,0,0,3,3,3,4,4,0,2,0,,,,
H,INC-F1-T-ID-01-d3-complete-s0,F1,3,complete,0.0,0.0,1.0,1.0,1.0,1.0,0.0,0.0,1.0,5,4,3,3,3,3,3,4,4,3,2,0,,,,
I,INC-F1-T-ID-01-d3-complete-s0,F1,3,complete,0.0,0.0,1.0,1.0,1.0,1.0,0.0,0.0,0.0,25,17,10,3,3,3,3,4,4,3,2,0,0.0942,12.0,9619.0,2.0
A,INC-F1-T-ID-01-d3-random40-s0,F1,3,random40,0.3333333333333333,0.3333333333333333,0.0,1.0,1.0,0.5,0.0,0.0,1.0,0,0,0,0,3,0,0,4,4,0,2,1,,,,
B,INC-F1-T-ID-01-d3-random40-s0,F1,3,random40,0.3333333333333333,0.3333333333333333,0.0,1.0,1.0,0.5,0.0,0.0,1.0,0,0,0,0,3,0,0,4,4,0,2,1,,,,
C,INC-F1-T-ID-01-d3-random40-s0,F1,3,random40,0.3333333333333333,0.0,1.0,0.42857142857142855,0.0,1.0,0.0,0.0,1.0,0,0,0,0,3,3,7,4,0,0,2,0,,,,
D,INC-F1-T-ID-01-d3-random40-s0,F1,3,random40,0.3333333333333333,0.0,1.0,1.0,1.0,1.0,0.0,0.0,0.0,9,6,3,0,3,3,3,4,4,0,2,0,0.0612,12.0,9636.0,3.0
E,INC-F1-T-ID-01-d3-random40-s0,F1,3,random40,0.3333333333333333,0.0,1.0,1.0,1.0,1.0,0.0,0.0,0.0,14,10,6,3,3,3,3,4,4,3,2,0,0.0678,12.0,9636.0,3.0
F,INC-F1-T-ID-01-d3-random40-s0,F1,3,random40,0.3333333333333333,0.0,1.0,0.42857142857142855,0.0,1.0,0.0,0.0,0.0,0,0,0,0,3,3,7,4,0,0,2,0,0.1037,24.0,19294.0,2.0
G,INC-F1-T-ID-01-d3-random40-s0,F1,3,random40,0.3333333333333333,0.0,1.0,1.0,1.0,1.0,0.0,1.0,1.0,0,0,0,0,3,3,3,4,4,0,2,0,,,,
H,INC-F1-T-ID-01-d3-random40-s0,F1,3,random40,0.3333333333333333,0.0,1.0,1.0,1.0,1.0,0.0,0.0,1.0,5,4,3,3,3,3,3,4,4,3,2,0,,,,
I,INC-F1-T-ID-01-d3-random40-s0,F1,3,random40,0.3333333333333333,0.0,1.0,1.0,1.0,1.0,0.0,0.0,0.0,25,17,10,3,3,3,3,4,4,3,2,0,0.087,12.0,9636.0,2.0
A,INC-F1-T-ID-01-d3-targeted-s0,F1,3,targeted,0.6666666666666666,0.3333333333333333,0.0,1.0,1.0,0.5,0.0,0.0,1.0,0,0,0,0,3,0,0,4,4,0,2,1,,,,
B,INC-F1-T-ID-01-d3-targeted-s0,F1,3,targeted,0.6666666666666666,0.3333333333333333,0.0,1.0,1.0,0.5,0.0,0.0,1.0,0,0,0,0,3,0,0,4,4,0,2,1,,,,
C,INC-F1-T-ID-01-d3-targeted-s0,F1,3,targeted,0.6666666666666666,0.0,1.0,0.42857142857142855,0.0,1.0,0.0,0.0,1.0,0,0,0,0,3,3,7,4,0,0,2,0,,,,
D,INC-F1-T-ID-01-d3-targeted-s0,F1,3,targeted,0.6666666666666666,0.3333333333333333,0.0,1.0,1.0,0.5,0.0,0.0,0.0,0,0,0,0,3,0,0,4,4,0,2,1,0.0138,3.0,2416.0,1.0
E,INC-F1-T-ID-01-d3-targeted-s0,F1,3,targeted,0.6666666666666666,0.3333333333333333,0.0,1.0,1.0,0.5,0.0,0.0,0.0,0,0,0,0,3,0,0,4,4,0,2,1,0.0136,3.0,2416.0,1.0
F,INC-F1-T-ID-01-d3-targeted-s0,F1,3,targeted,0.6666666666666666,0.0,1.0,0.42857142857142855,0.0,1.0,0.0,0.0,0.0,0,0,0,0,3,3,7,4,0,0,2,0,0.169,24.0,19257.0,2.0
G,INC-F1-T-ID-01-d3-targeted-s0,F1,3,targeted,0.6666666666666666,0.0,1.0,1.0,1.0,1.0,0.0,1.0,1.0,0,0,0,0,3,3,3,4,4,0,2,0,,,,
H,INC-F1-T-ID-01-d3-targeted-s0,F1,3,targeted,0.6666666666666666,0.0,1.0,1.0,1.0,1.0,0.0,0.0,1.0,5,4,3,3,3,3,3,4,4,3,2,0,,,,
I,INC-F1-T-ID-01-d3-targeted-s0,F1,3,targeted,0.6666666666666666,0.0,1.0,1.0,1.0,1.0,0.0,0.0,0.0,25,17,10,3,3,3,3,4,4,3,2,0,0.0958,12.0,9639.0,2.0
A,INC-F1-T-ID-01-d4-complete-s0,F1,4,complete,0.0,0.3333333333333333,0.0,1.0,1.0,0.5,0.0,0.0,1.0,0,0,0,0,4,0,0,5,5,0,2,1,,,,
B,INC-F1-T-ID-01-d4-complete-s0,F1,4,complete,0.0,0.3333333333333333,0.0,1.0,1.0,0.5,0.0,0.0,1.0,0,0,0,0,4,0,0,5,5,0,2,1,,,,
C,INC-F1-T-ID-01-d4-complete-s0,F1,4,complete,0.0,0.0,1.0,0.4444444444444444,0.0,1.0,0.0,0.0,1.0,0,0,0,0,4,4,9,5,0,0,2,0,,,,
D,INC-F1-T-ID-01-d4-complete-s0,F1,4,complete,0.0,0.0,1.0,1.0,1.0,1.0,0.0,0.0,0.0,12,8,4,0,4,4,4,5,5,0,2,0,0.0791,15.0,12032.0,4.0
E,INC-F1-T-ID-01-d4-complete-s0,F1,4,complete,0.0,0.0,1.0,1.0,1.0,1.0,0.0,0.0,0.0,18,13,8,4,4,4,4,5,5,4,2,0,0.1232,15.0,12032.0,4.0
F,INC-F1-T-ID-01-d4-complete-s0,F1,4,complete,0.0,0.0,1.0,0.4444444444444444,0.0,1.0,0.0,0.0,0.0,0,0,0,0,4,4,9,5,0,0,2,0,0.1342,30.0,24066.0,2.0
G,INC-F1-T-ID-01-d4-complete-s0,F1,4,complete,0.0,0.0,1.0,1.0,1.0,1.0,0.0,1.0,1.0,0,0,0,0,4,4,4,5,5,0,2,0,,,,
H,INC-F1-T-ID-01-d4-complete-s0,F1,4,complete,0.0,0.0,1.0,1.0,1.0,1.0,0.0,0.0,1.0,6,5,4,4,4,4,4,5,5,4,2,0,,,,
I,INC-F1-T-ID-01-d4-complete-s0,F1,4,complete,0.0,0.0,1.0,1.0,1.0,1.0,0.0,0.0,0.0,32,22,13,4,4,4,4,5,5,4,2,0,0.1131,15.0,12032.0,2.0
A,INC-F1-T-ID-01-d4-random40-s0,F1,4,random40,0.375,0.3333333333333333,0.0,1.0,1.0,0.5,0.0,0.0,1.0,0,0,0,0,4,0,0,5,5,0,2,1,,,,
B,INC-F1-T-ID-01-d4-random40-s0,F1,4,random40,0.375,0.3333333333333333,0.0,1.0,1.0,0.5,0.0,0.0,1.0,0,0,0,0,4,0,0,5,5,0,2,1,,,,
C,INC-F1-T-ID-01-d4-random40-s0,F1,4,random40,0.375,0.0,1.0,0.4444444444444444,0.0,1.0,0.0,0.0,1.0,0,0,0,0,4,4,9,5,0,0,2,0,,,,
D,INC-F1-T-ID-01-d4-random40-s0,F1,4,random40,0.375,0.3333333333333333,0.0,1.0,1.0,0.5,0.0,0.0,0.0,0,0,0,0,4,0,0,5,5,0,2,1,0.0141,3.0,2404.0,1.0
E,INC-F1-T-ID-01-d4-random40-s0,F1,4,random40,0.375,0.3333333333333333,0.0,1.0,1.0,0.5,0.0,0.0,0.0,0,0,0,0,4,0,0,5,5,0,2,1,0.0117,3.0,2404.0,1.0
F,INC-F1-T-ID-01-d4-random40-s0,F1,4,random40,0.375,0.0,1.0,0.4444444444444444,0.0,1.0,0.0,0.0,0.0,0,0,0,0,4,4,9,5,0,0,2,0,0.1298,30.0,23991.0,2.0
G,INC-F1-T-ID-01-d4-random40-s0,F1,4,random40,0.375,0.0,1.0,1.0,1.0,1.0,0.0,1.0,1.0,0,0,0,0,4,4,4,5,5,0,2,0,,,,
H,INC-F1-T-ID-01-d4-random40-s0,F1,4,random40,0.375,0.0,1.0,1.0,1.0,1.0,0.0,0.0,1.0,6,5,4,4,4,4,4,5,5,4,2,0,,,,
I,INC-F1-T-ID-01-d4-random40-s0,F1,4,random40,0.375,0.0,1.0,1.0,1.0,1.0,0.0,0.0,0.0,32,22,13,4,4,4,4,5,5,4,2,0,0.1167,15.0,12008.0,2.0
A,INC-F1-T-ID-01-d4-targeted-s0,F1,4,targeted,0.75,0.3333333333333333,0.0,1.0,1.0,0.5,0.0,0.0,1.0,0,0,0,0,4,0,0,5,5,0,2,1,,,,
B,INC-F1-T-ID-01-d4-targeted-s0,F1,4,targeted,0.75,0.3333333333333333,0.0,1.0,1.0,0.5,0.0,0.0,1.0,0,0,0,0,4,0,0,5,5,0,2,1,,,,
C,INC-F1-T-ID-01-d4-targeted-s0,F1,4,targeted,0.75,0.0,1.0,0.4444444444444444,0.0,1.0,0.0,0.0,1.0,0,0,0,0,4,4,9,5,0,0,2,0,,,,
D,INC-F1-T-ID-01-d4-targeted-s0,F1,4,targeted,0.75,0.3333333333333333,0.0,1.0,1.0,0.5,0.0,0.0,0.0,0,0,0,0,4,0,0,5,5,0,2,1,0.0149,3.0,2438.0,1.0
E,INC-F1-T-ID-01-d4-targeted-s0,F1,4,targeted,0.75,0.3333333333333333,0.0,1.0,1.0,0.5,0.0,0.0,0.0,0,0,0,0,4,0,0,5,5,0,2,1,0.0145,3.0,2438.0,1.0
F,INC-F1-T-ID-01-d4-targeted-s0,F1,4,targeted,0.75,0.0,1.0,0.4444444444444444,0.0,1.0,0.0,0.0,0.0,0,0,0,0,4,4,9,5,0,0,2,0,0.1363,30.0,24115.0,2.0
G,INC-F1-T-ID-01-d4-targeted-s0,F1,4,targeted,0.75,0.0,1.0,1.0,1.0,1.0,0.0,1.0,1.0,0,0,0,0,4,4,4,5,5,0,2,0,,,,
H,INC-F1-T-ID-01-d4-targeted-s0,F1,4,targeted,0.75,0.0,1.0,1.0,1.0,1.0,0.0,0.0,1.0,6,5,4,4,4,4,4,5,5,4,2,0,,,,
I,INC-F1-T-ID-01-d4-targeted-s0,F1,4,targeted,0.75,0.0,1.0,1.0,1.0,1.0,0.0,0.0,0.0,32,22,13,4,4,4,4,5,5,4,2,0,0.1157,15.0,12055.0,2.0
A,INC-F2-T-ID-02-d3-complete-s0,F2,3,complete,0.0,0.3333333333333333,0.0,1.0,1.0,0.5,0.0,0.0,1.0,0,0,0,0,1,0,0,6,6,0,2,1,,,,
B,INC-F2-T-ID-02-d3-complete-s0,F2,3,complete,0.0,0.3333333333333333,0.0,1.0,1.0,0.5,0.0,0.0,1.0,0,0,0,0,1,0,0,6,6,0,2,1,,,,
C,INC-F2-T-ID-02-d3-complete-s0,F2,3,complete,0.0,0.0,1.0,0.14285714285714285,0.0,1.0,0.0,0.0,1.0,0,0,0,0,1,1,7,6,0,0,2,0,,,,
D,INC-F2-T-ID-02-d3-complete-s0,F2,3,complete,0.0,0.0,1.0,1.0,1.0,1.0,0.0,0.0,0.0,4,2,1,0,1,1,1,6,6,0,2,0,0.0464,6.0,4809.0,2.0
E,INC-F2-T-ID-02-d3-complete-s0,F2,3,complete,0.0,0.0,1.0,1.0,1.0,1.0,0.0,0.0,0.0,8,4,2,1,1,1,1,6,6,1,2,0,0.0439,6.0,4809.0,2.0
F,INC-F2-T-ID-02-d3-complete-s0,F2,3,complete,0.0,0.0,1.0,0.3333333333333333,0.6666666666666666,1.0,0.0,0.0,0.0,0,0,0,0,1,1,3,6,4,0,2,0,0.0851,12.0,9654.0,2.0
G,INC-F2-T-ID-02-d3-complete-s0,F2,3,complete,0.0,0.0,1.0,1.0,1.0,1.0,0.0,1.0,1.0,0,0,0,0,1,1,1,6,6,0,2,0,,,,
H,INC-F2-T-ID-02-d3-complete-s0,F2,3,complete,0.0,0.0,1.0,1.0,1.0,1.0,0.0,0.0,1.0,4,2,1,1,1,1,1,6,6,1,2,0,,,,
I,INC-F2-T-ID-02-d3-complete-s0,F2,3,complete,0.0,0.0,1.0,1.0,1.0,1.0,0.0,0.0,0.0,15,8,4,1,1,1,1,6,6,1,2,0,0.0656,6.0,4809.0,2.0
A,INC-F2-T-ID-02-d3-random40-s0,F2,3,random40,0.3333333333333333,0.3333333333333333,0.0,1.0,1.0,0.5,0.0,0.0,1.0,0,0,0,0,1,0,0,6,6,0,2,1,,,,
B,INC-F2-T-ID-02-d3-random40-s0,F2,3,random40,0.3333333333333333,0.3333333333333333,0.0,1.0,1.0,0.5,0.0,0.0,1.0,0,0,0,0,1,0,0,6,6,0,2,1,,,,
C,INC-F2-T-ID-02-d3-random40-s0,F2,3,random40,0.3333333333333333,0.0,1.0,0.14285714285714285,0.0,1.0,0.0,0.0,1.0,0,0,0,0,1,1,7,6,0,0,2,0,,,,
D,INC-F2-T-ID-02-d3-random40-s0,F2,3,random40,0.3333333333333333,0.3333333333333333,0.0,1.0,1.0,0.5,0.0,0.0,0.0,0,0,0,0,1,0,0,6,6,0,2,1,0.0207,3.0,2403.0,1.0
E,INC-F2-T-ID-02-d3-random40-s0,F2,3,random40,0.3333333333333333,0.3333333333333333,0.0,1.0,1.0,0.5,0.0,0.0,0.0,0,0,0,0,1,0,0,6,6,0,2,1,0.0159,3.0,2403.0,1.0
F,INC-F2-T-ID-02-d3-random40-s0,F2,3,random40,0.3333333333333333,0.0,1.0,0.3333333333333333,0.6666666666666666,1.0,0.0,0.0,0.0,0,0,0,0,1,1,3,6,4,0,2,0,0.0792,12.0,9629.0,2.0
G,INC-F2-T-ID-02-d3-random40-s0,F2,3,random40,0.3333333333333333,0.0,1.0,1.0,1.0,1.0,0.0,1.0,1.0,0,0,0,0,1,1,1,6,6,0,2,0,,,,
H,INC-F2-T-ID-02-d3-random40-s0,F2,3,random40,0.3333333333333333,0.0,1.0,1.0,1.0,1.0,0.0,0.0,1.0,4,2,1,1,1,1,1,6,6,1,2,0,,,,
I,INC-F2-T-ID-02-d3-random40-s0,F2,3,random40,0.3333333333333333,0.0,1.0,1.0,1.0,1.0,0.0,0.0,0.0,15,8,4,1,1,1,1,6,6,1,2,0,0.0638,6.0,4805.0,2.0
A,INC-F2-T-ID-02-d3-targeted-s0,F2,3,targeted,0.6666666666666666,0.3333333333333333,0.0,1.0,1.0,0.5,0.0,0.0,1.0,0,0,0,0,1,0,0,6,6,0,2,1,,,,
B,INC-F2-T-ID-02-d3-targeted-s0,F2,3,targeted,0.6666666666666666,0.3333333333333333,0.0,1.0,1.0,0.5,0.0,0.0,1.0,0,0,0,0,1,0,0,6,6,0,2,1,,,,
C,INC-F2-T-ID-02-d3-targeted-s0,F2,3,targeted,0.6666666666666666,0.0,1.0,0.14285714285714285,0.0,1.0,0.0,0.0,1.0,0,0,0,0,1,1,7,6,0,0,2,0,,,,
D,INC-F2-T-ID-02-d3-targeted-s0,F2,3,targeted,0.6666666666666666,0.3333333333333333,0.0,1.0,1.0,0.5,0.0,0.0,0.0,0,0,0,0,1,0,0,6,6,0,2,1,0.0172,3.0,2411.0,1.0
E,INC-F2-T-ID-02-d3-targeted-s0,F2,3,targeted,0.6666666666666666,0.3333333333333333,0.0,1.0,1.0,0.5,0.0,0.0,0.0,0,0,0,0,1,0,0,6,6,0,2,1,0.0163,3.0,2411.0,1.0
F,INC-F2-T-ID-02-d3-targeted-s0,F2,3,targeted,0.6666666666666666,0.0,1.0,0.3333333333333333,0.6666666666666666,1.0,0.0,0.0,0.0,0,0,0,0,1,1,3,6,4,0,2,0,0.0801,12.0,9628.0,2.0
G,INC-F2-T-ID-02-d3-targeted-s0,F2,3,targeted,0.6666666666666666,0.0,1.0,1.0,1.0,1.0,0.0,1.0,1.0,0,0,0,0,1,1,1,6,6,0,2,0,,,,
H,INC-F2-T-ID-02-d3-targeted-s0,F2,3,targeted,0.6666666666666666,0.0,1.0,1.0,1.0,1.0,0.0,0.0,1.0,4,2,1,1,1,1,1,6,6,1,2,0,,,,
I,INC-F2-T-ID-02-d3-targeted-s0,F2,3,targeted,0.6666666666666666,0.0,1.0,1.0,1.0,1.0,0.0,0.0,0.0,15,8,4,1,1,1,1,6,6,1,2,0,0.0688,6.0,4821.0,2.0
A,INC-F2-T-ID-02-d4-complete-s0,F2,4,complete,0.0,0.3333333333333333,0.0,1.0,1.0,0.5,0.0,0.0,1.0,0,0,0,0,2,0,0,7,7,0,2,1,,,,
B,INC-F2-T-ID-02-d4-complete-s0,F2,4,complete,0.0,0.3333333333333333,0.0,1.0,1.0,0.5,0.0,0.0,1.0,0,0,0,0,2,0,0,7,7,0,2,1,,,,
C,INC-F2-T-ID-02-d4-complete-s0,F2,4,complete,0.0,0.0,1.0,0.2222222222222222,0.0,1.0,0.0,0.0,1.0,0,0,0,0,2,2,9,7,0,0,2,0,,,,
D,INC-F2-T-ID-02-d4-complete-s0,F2,4,complete,0.0,0.0,1.0,1.0,1.0,1.0,0.0,0.0,0.0,7,4,2,0,2,2,2,7,7,0,2,0,0.0518,9.0,7197.0,3.0
E,INC-F2-T-ID-02-d4-complete-s0,F2,4,complete,0.0,0.0,1.0,1.0,1.0,1.0,0.0,0.0,0.0,12,7,4,2,2,2,2,7,7,2,2,0,0.0526,9.0,7197.0,3.0
F,INC-F2-T-ID-02-d4-complete-s0,F2,4,complete,0.0,0.0,1.0,0.4,0.5714285714285714,1.0,0.0,0.0,0.0,0,0,0,0,2,2,5,7,4,0,2,0,0.1076,18.0,14405.0,2.0
G,INC-F2-T-ID-02-d4-complete-s0,F2,4,complete,0.0,0.0,1.0,1.0,1.0,1.0,0.0,1.0,1.0,0,0,0,0,2,2,2,7,7,0,2,0,,,,
H,INC-F2-T-ID-02-d4-complete-s0,F2,4,complete,0.0,0.0,1.0,1.0,1.0,1.0,0.0,0.0,1.0,5,3,2,2,2,2,2,7,7,2,2,0,,,,
I,INC-F2-T-ID-02-d4-complete-s0,F2,4,complete,0.0,0.0,1.0,1.0,1.0,1.0,0.0,0.0,0.0,22,13,7,2,2,2,2,7,7,2,2,0,0.0826,9.0,7197.0,2.0
A,INC-F2-T-ID-02-d4-random40-s0,F2,4,random40,0.375,0.3333333333333333,0.0,1.0,1.0,0.5,0.0,0.0,1.0,0,0,0,0,2,0,0,7,7,0,2,1,,,,
B,INC-F2-T-ID-02-d4-random40-s0,F2,4,random40,0.375,0.3333333333333333,0.0,1.0,1.0,0.5,0.0,0.0,1.0,0,0,0,0,2,0,0,7,7,0,2,1,,,,
C,INC-F2-T-ID-02-d4-random40-s0,F2,4,random40,0.375,0.0,1.0,0.2222222222222222,0.0,1.0,0.0,0.0,1.0,0,0,0,0,2,2,9,7,0,0,2,0,,,,
D,INC-F2-T-ID-02-d4-random40-s0,F2,4,random40,0.375,0.3333333333333333,0.0,1.0,1.0,0.5,0.0,0.0,0.0,0,0,0,0,2,0,0,7,7,0,2,1,0.0185,3.0,2408.0,1.0
E,INC-F2-T-ID-02-d4-random40-s0,F2,4,random40,0.375,0.3333333333333333,0.0,1.0,1.0,0.5,0.0,0.0,0.0,0,0,0,0,2,0,0,7,7,0,2,1,0.0154,3.0,2408.0,1.0
F,INC-F2-T-ID-02-d4-random40-s0,F2,4,random40,0.375,0.0,1.0,0.4,0.5714285714285714,1.0,0.0,0.0,0.0,0,0,0,0,2,2,5,7,4,0,2,0,0.1044,18.0,14427.0,2.0
G,INC-F2-T-ID-02-d4-random40-s0,F2,4,random40,0.375,0.0,1.0,1.0,1.0,1.0,0.0,1.0,1.0,0,0,0,0,2,2,2,7,7,0,2,0,,,,
H,INC-F2-T-ID-02-d4-random40-s0,F2,4,random40,0.375,0.0,1.0,1.0,1.0,1.0,0.0,0.0,1.0,5,3,2,2,2,2,2,7,7,2,2,0,,,,
I,INC-F2-T-ID-02-d4-random40-s0,F2,4,random40,0.375,0.0,1.0,1.0,1.0,1.0,0.0,0.0,0.0,22,13,7,2,2,2,2,7,7,2,2,0,0.0891,9.0,7217.0,2.0
A,INC-F2-T-ID-02-d4-targeted-s0,F2,4,targeted,0.75,0.3333333333333333,0.0,1.0,1.0,0.5,0.0,0.0,1.0,0,0,0,0,2,0,0,7,7,0,2,1,,,,
B,INC-F2-T-ID-02-d4-targeted-s0,F2,4,targeted,0.75,0.3333333333333333,0.0,1.0,1.0,0.5,0.0,0.0,1.0,0,0,0,0,2,0,0,7,7,0,2,1,,,,
C,INC-F2-T-ID-02-d4-targeted-s0,F2,4,targeted,0.75,0.0,1.0,0.2222222222222222,0.0,1.0,0.0,0.0,1.0,0,0,0,0,2,2,9,7,0,0,2,0,,,,
D,INC-F2-T-ID-02-d4-targeted-s0,F2,4,targeted,0.75,0.3333333333333333,0.0,1.0,1.0,0.5,0.0,0.0,0.0,0,0,0,0,2,0,0,7,7,0,2,1,0.0184,3.0,2415.0,1.0
E,INC-F2-T-ID-02-d4-targeted-s0,F2,4,targeted,0.75,0.3333333333333333,0.0,1.0,1.0,0.5,0.0,0.0,0.0,0,0,0,0,2,0,0,7,7,0,2,1,0.0177,3.0,2415.0,1.0
F,INC-F2-T-ID-02-d4-targeted-s0,F2,4,targeted,0.75,0.0,1.0,0.4,0.5714285714285714,1.0,0.0,0.0,0.0,0,0,0,0,2,2,5,7,4,0,2,0,0.1014,18.0,14465.0,2.0
G,INC-F2-T-ID-02-d4-targeted-s0,F2,4,targeted,0.75,0.0,1.0,1.0,1.0,1.0,0.0,1.0,1.0,0,0,0,0,2,2,2,7,7,0,2,0,,,,
H,INC-F2-T-ID-02-d4-targeted-s0,F2,4,targeted,0.75,0.0,1.0,1.0,1.0,1.0,0.0,0.0,1.0,5,3,2,2,2,2,2,7,7,2,2,0,,,,
I,INC-F2-T-ID-02-d4-targeted-s0,F2,4,targeted,0.75,0.0,1.0,1.0,1.0,1.0,0.0,0.0,0.0,22,13,7,2,2,2,2,7,7,2,2,0,0.0875,9.0,7237.0,2.0
A,INC-F3-T-ID-03-d2-complete-s0,F3,2,complete,0.0,0.3333333333333333,0.0,1.0,1.0,1.0,0.0,0.3333333333333333,1.0,0,0,0,0,1,0,0,4,4,0,2,0,,,,
B,INC-F3-T-ID-03-d2-complete-s0,F3,2,complete,0.0,0.3333333333333333,0.0,1.0,1.0,1.0,0.0,0.2,1.0,0,0,0,0,1,0,0,4,4,0,2,0,,,,
C,INC-F3-T-ID-03-d2-complete-s0,F3,2,complete,0.0,0.0,1.0,0.2,0.0,1.0,0.0,0.0,1.0,0,0,0,0,1,1,5,4,0,0,2,0,,,,
D,INC-F3-T-ID-03-d2-complete-s0,F3,2,complete,0.0,0.0,1.0,1.0,1.0,1.0,0.0,0.0,0.0,3,2,1,0,1,1,1,4,4,0,2,0,0.0364,6.0,4810.0,2.0
E,INC-F3-T-ID-03-d2-complete-s0,F3,2,complete,0.0,0.0,1.0,1.0,1.0,1.0,0.0,0.0,0.0,6,4,2,1,1,1,1,4,4,1,2,0,0.0359,6.0,4810.0,2.0
F,INC-F3-T-ID-03-d2-complete-s0,F3,2,complete,0.0,0.0,1.0,0.2,0.0,1.0,0.0,0.0,0.0,0,0,0,0,1,1,5,4,0,0,2,0,0.0762,18.0,14453.0,2.0
G,INC-F3-T-ID-03-d2-complete-s0,F3,2,complete,0.0,0.0,1.0,0.5,0.75,1.0,0.0,1.0,1.0,0,0,0,0,1,1,2,4,3,0,2,0,,,,
H,INC-F3-T-ID-03-d2-complete-s0,F3,2,complete,0.0,0.0,1.0,1.0,1.0,1.0,0.0,0.0,1.0,3,2,1,1,1,1,1,4,4,1,2,0,,,,
I,INC-F3-T-ID-03-d2-complete-s0,F3,2,complete,0.0,0.0,1.0,1.0,1.0,1.0,0.0,0.0,0.0,15,10,6,1,1,1,1,4,4,1,2,0,0.065,6.0,4810.0,2.0
A,INC-F3-T-ID-03-d2-random40-s0,F3,2,random40,0.5,0.3333333333333333,0.0,1.0,1.0,1.0,0.0,0.3333333333333333,1.0,0,0,0,0,1,0,0,4,4,0,2,0,,,,
B,INC-F3-T-ID-03-d2-random40-s0,F3,2,random40,0.5,0.3333333333333333,0.0,1.0,1.0,1.0,0.0,0.2,1.0,0,0,0,0,1,0,0,4,4,0,2,0,,,,
C,INC-F3-T-ID-03-d2-random40-s0,F3,2,random40,0.5,0.0,1.0,0.2,0.0,1.0,0.0,0.0,1.0,0,0,0,0,1,1,5,4,0,0,2,0,,,,
D,INC-F3-T-ID-03-d2-random40-s0,F3,2,random40,0.5,0.3333333333333333,0.0,1.0,1.0,1.0,0.0,0.2,0.0,0,0,0,0,1,0,0,4,4,0,2,0,0.0174,3.0,2424.0,1.0
E,INC-F3-T-ID-03-d2-random40-s0,F3,2,random40,0.5,0.3333333333333333,0.0,1.0,1.0,1.0,0.0,0.2,0.0,0,0,0,0,1,0,0,4,4,0,2,0,0.0133,3.0,2424.0,1.0
F,INC-F3-T-ID-03-d2-random40-s0,F3,2,random40,0.5,0.0,1.0,0.2,0.0,1.0,0.0,0.0,0.0,0,0,0,0,1,1,5,4,0,0,2,0,0.0772,18.0,14480.0,2.0
G,INC-F3-T-ID-03-d2-random40-s0,F3,2,random40,0.5,0.0,1.0,0.5,0.75,1.0,0.0,1.0,1.0,0,0,0,0,1,1,2,4,3,0,2,0,,,,
H,INC-F3-T-ID-03-d2-random40-s0,F3,2,random40,0.5,0.0,1.0,1.0,1.0,1.0,0.0,0.0,1.0,3,2,1,1,1,1,1,4,4,1,2,0,,,,
I,INC-F3-T-ID-03-d2-random40-s0,F3,2,random40,0.5,0.0,1.0,1.0,1.0,1.0,0.0,0.0,0.0,15,10,6,1,1,1,1,4,4,1,2,0,0.0624,6.0,4844.0,2.0
A,INC-F3-T-ID-03-d2-targeted-s0,F3,2,targeted,0.5,0.3333333333333333,0.0,1.0,1.0,1.0,0.0,0.3333333333333333,1.0,0,0,0,0,1,0,0,4,4,0,2,0,,,,
B,INC-F3-T-ID-03-d2-targeted-s0,F3,2,targeted,0.5,0.3333333333333333,0.0,1.0,1.0,1.0,0.0,0.2,1.0,0,0,0,0,1,0,0,4,4,0,2,0,,,,
C,INC-F3-T-ID-03-d2-targeted-s0,F3,2,targeted,0.5,0.0,1.0,0.2,0.0,1.0,0.0,0.0,1.0,0,0,0,0,1,1,5,4,0,0,2,0,,,,
D,INC-F3-T-ID-03-d2-targeted-s0,F3,2,targeted,0.5,0.0,1.0,1.0,1.0,1.0,0.0,0.0,0.0,3,2,1,0,1,1,1,4,4,0,2,0,0.0372,6.0,4826.0,2.0
E,INC-F3-T-ID-03-d2-targeted-s0,F3,2,targeted,0.5,0.0,1.0,1.0,1.0,1.0,0.0,0.0,0.0,6,4,2,1,1,1,1,4,4,1,2,0,0.0395,6.0,4826.0,2.0
F,INC-F3-T-ID-03-d2-targeted-s0,F3,2,targeted,0.5,0.0,1.0,0.2,0.0,1.0,0.0,0.0,0.0,0,0,0,0,1,1,5,4,0,0,2,0,0.0853,18.0,14461.0,2.0
G,INC-F3-T-ID-03-d2-targeted-s0,F3,2,targeted,0.5,0.0,1.0,0.5,0.75,1.0,0.0,1.0,1.0,0,0,0,0,1,1,2,4,3,0,2,0,,,,
H,INC-F3-T-ID-03-d2-targeted-s0,F3,2,targeted,0.5,0.0,1.0,1.0,1.0,1.0,0.0,0.0,1.0,3,2,1,1,1,1,1,4,4,1,2,0,,,,
I,INC-F3-T-ID-03-d2-targeted-s0,F3,2,targeted,0.5,0.0,1.0,1.0,1.0,1.0,0.0,0.0,0.0,15,10,6,1,1,1,1,4,4,1,2,0,0.0558,6.0,4826.0,2.0
A,INC-F3-T-ID-03-d3-complete-s0,F3,3,complete,0.0,0.3333333333333333,0.0,1.0,1.0,1.0,0.0,0.375,1.0,0,0,0,0,2,0,0,5,5,0,2,0,,,,
B,INC-F3-T-ID-03-d3-complete-s0,F3,3,complete,0.0,0.3333333333333333,0.0,1.0,1.0,1.0,0.0,0.2857142857142857,1.0,0,0,0,0,2,0,0,5,5,0,2,0,,,,
C,INC-F3-T-ID-03-d3-complete-s0,F3,3,complete,0.0,0.0,1.0,0.2857142857142857,0.0,1.0,0.0,0.0,1.0,0,0,0,0,2,2,7,5,0,0,2,0,,,,
D,INC-F3-T-ID-03-d3-complete-s0,F3,3,complete,0.0,0.0,1.0,1.0,1.0,1.0,0.0,0.0,0.0,7,4,2,0,2,2,2,5,5,0,2,0,0.0611,9.0,7209.0,2.0
E,INC-F3-T-ID-03-d3-complete-s0,F3,3,complete,0.0,0.0,1.0,1.0,1.0,1.0,0.0,0.0,0.0,12,7,4,2,2,2,2,5,5,2,2,0,0.0617,9.0,7209.0,2.0
F,INC-F3-T-ID-03-d3-complete-s0,F3,3,complete,0.0,0.0,1.0,0.2857142857142857,0.0,1.0,0.0,0.0,0.0,0,0,0,0,2,2,7,5,0,0,2,0,0.1142,24.0,19242.0,2.0
G,INC-F3-T-ID-03-d3-complete-s0,F3,3,complete,0.0,0.0,1.0,0.6666666666666666,0.8,1.0,0.0,1.0,1.0,0,0,0,0,2,2,3,5,4,0,2,0,,,,
H,INC-F3-T-ID-03-d3-complete-s0,F3,3,complete,0.0,0.0,1.0,1.0,1.0,1.0,0.0,0.0,1.0,5,3,2,2,2,2,2,5,5,2,2,0,,,,
I,INC-F3-T-ID-03-d3-complete-s0,F3,3,complete,0.0,0.0,1.0,1.0,1.0,1.0,0.0,0.0,0.0,25,15,9,2,2,2,2,5,5,2,2,0,0.0913,9.0,7209.0,2.0
A,INC-F3-T-ID-03-d3-random40-s0,F3,3,random40,0.3333333333333333,0.3333333333333333,0.0,1.0,1.0,1.0,0.0,0.375,1.0,0,0,0,0,2,0,0,5,5,0,2,0,,,,
B,INC-F3-T-ID-03-d3-random40-s0,F3,3,random40,0.3333333333333333,0.3333333333333333,0.0,1.0,1.0,1.0,0.0,0.2857142857142857,1.0,0,0,0,0,2,0,0,5,5,0,2,0,,,,
C,INC-F3-T-ID-03-d3-random40-s0,F3,3,random40,0.3333333333333333,0.0,1.0,0.2857142857142857,0.0,1.0,0.0,0.0,1.0,0,0,0,0,2,2,7,5,0,0,2,0,,,,
D,INC-F3-T-ID-03-d3-random40-s0,F3,3,random40,0.3333333333333333,0.3333333333333333,0.5,1.0,1.0,1.0,0.0,0.16666666666666666,0.0,3,2,1,0,2,1,1,5,5,0,2,0,0.0373,6.0,4807.0,2.0
E,INC-F3-T-ID-03-d3-random40-s0,F3,3,random40,0.3333333333333333,0.3333333333333333,0.5,1.0,1.0,1.0,0.0,0.14285714285714285,0.0,6,4,2,1,2,1,1,5,5,1,2,0,0.04,6.0,4807.0,2.0
F,INC-F3-T-ID-03-d3-random40-s0,F3,3,random40,0.3333333333333333,0.0,1.0,0.2857142857142857,0.0,1.0,0.0,0.0,0.0,0,0,0,0,2,2,7,5,0,0,2,0,0.1302,24.0,19278.0,2.0
G,INC-F3-T-ID-03-d3-random40-s0,F3,3,random40,0.3333333333333333,0.0,1.0,0.6666666666666666,0.8,1.0,0.0,1.0,1.0,0,0,0,0,2,2,3,5,4,0,2,0,,,,
H,INC-F3-T-ID-03-d3-random40-s0,F3,3,random40,0.3333333333333333,0.0,1.0,1.0,1.0,1.0,0.0,0.0,1.0,5,3,2,2,2,2,2,5,5,2,2,0,,,,
I,INC-F3-T-ID-03-d3-random40-s0,F3,3,random40,0.3333333333333333,0.0,1.0,1.0,1.0,1.0,0.0,0.0,0.0,25,15,9,2,2,2,2,5,5,2,2,0,0.1079,9.0,7214.0,2.0
A,INC-F3-T-ID-03-d3-targeted-s0,F3,3,targeted,0.6666666666666666,0.3333333333333333,0.0,1.0,1.0,1.0,0.0,0.375,1.0,0,0,0,0,2,0,0,5,5,0,2,0,,,,
B,INC-F3-T-ID-03-d3-targeted-s0,F3,3,targeted,0.6666666666666666,0.3333333333333333,0.0,1.0,1.0,1.0,0.0,0.2857142857142857,1.0,0,0,0,0,2,0,0,5,5,0,2,0,,,,
C,INC-F3-T-ID-03-d3-targeted-s0,F3,3,targeted,0.6666666666666666,0.0,1.0,0.2857142857142857,0.0,1.0,0.0,0.0,1.0,0,0,0,0,2,2,7,5,0,0,2,0,,,,
D,INC-F3-T-ID-03-d3-targeted-s0,F3,3,targeted,0.6666666666666666,0.3333333333333333,0.5,1.0,1.0,1.0,0.0,0.16666666666666666,0.0,3,2,1,0,2,1,1,5,5,0,2,0,0.0362,6.0,4818.0,2.0
E,INC-F3-T-ID-03-d3-targeted-s0,F3,3,targeted,0.6666666666666666,0.3333333333333333,0.5,1.0,1.0,1.0,0.0,0.14285714285714285,0.0,6,4,2,1,2,1,1,5,5,1,2,0,0.0359,6.0,4818.0,2.0
F,INC-F3-T-ID-03-d3-targeted-s0,F3,3,targeted,0.6666666666666666,0.0,1.0,0.2857142857142857,0.0,1.0,0.0,0.0,0.0,0,0,0,0,2,2,7,5,0,0,2,0,0.1102,24.0,19253.0,2.0
G,INC-F3-T-ID-03-d3-targeted-s0,F3,3,targeted,0.6666666666666666,0.0,1.0,0.6666666666666666,0.8,1.0,0.0,1.0,1.0,0,0,0,0,2,2,3,5,4,0,2,0,,,,
H,INC-F3-T-ID-03-d3-targeted-s0,F3,3,targeted,0.6666666666666666,0.0,1.0,1.0,1.0,1.0,0.0,0.0,1.0,5,3,2,2,2,2,2,5,5,2,2,0,,,,
I,INC-F3-T-ID-03-d3-targeted-s0,F3,3,targeted,0.6666666666666666,0.0,1.0,1.0,1.0,1.0,0.0,0.0,0.0,25,15,9,2,2,2,2,5,5,2,2,0,0.0915,9.0,7220.0,2.0
A,INC-F3-T-ID-03-d4-complete-s0,F3,4,complete,0.0,0.3333333333333333,0.0,1.0,1.0,1.0,0.0,0.4,1.0,0,0,0,0,3,0,0,6,6,0,2,0,,,,
B,INC-F3-T-ID-03-d4-complete-s0,F3,4,complete,0.0,0.3333333333333333,0.0,1.0,1.0,1.0,0.0,0.3333333333333333,1.0,0,0,0,0,3,0,0,6,6,0,2,0,,,,
C,INC-F3-T-ID-03-d4-complete-s0,F3,4,complete,0.0,0.0,1.0,0.3333333333333333,0.0,1.0,0.0,0.0,1.0,0,0,0,0,3,3,9,6,0,0,2,0,,,,
D,INC-F3-T-ID-03-d4-complete-s0,F3,4,complete,0.0,0.0,1.0,1.0,1.0,1.0,0.0,0.0,0.0,10,6,3,0,3,3,3,6,6,0,2,0,0.0671,12.0,9611.0,3.0
E,INC-F3-T-ID-03-d4-complete-s0,F3,4,complete,0.0,0.0,1.0,1.0,1.0,1.0,0.0,0.0,0.0,16,10,6,3,3,3,3,6,6,3,2,0,0.0816,12.0,9611.0,3.0
F,INC-F3-T-ID-03-d4-complete-s0,F3,4,complete,0.0,0.0,1.0,0.3333333333333333,0.0,1.0,0.0,0.0,0.0,0,0,0,0,3,3,9,6,0,0,2,0,0.1361,30.0,24027.0,2.0
G,INC-F3-T-ID-03-d4-complete-s0,F3,4,complete,0.0,0.0,1.0,0.75,0.8333333333333334,1.0,0.0,1.0,1.0,0,0,0,0,3,3,4,6,5,0,2,0,,,,
H,INC-F3-T-ID-03-d4-complete-s0,F3,4,complete,0.0,0.0,1.0,1.0,1.0,1.0,0.0,0.0,1.0,6,4,3,3,3,3,3,6,6,3,2,0,,,,
I,INC-F3-T-ID-03-d4-complete-s0,F3,4,complete,0.0,0.0,1.0,1.0,1.0,1.0,0.0,0.0,0.0,32,20,12,3,3,3,3,6,6,3,2,0,0.1093,12.0,9611.0,2.0
A,INC-F3-T-ID-03-d4-random40-s0,F3,4,random40,0.375,0.3333333333333333,0.0,1.0,1.0,1.0,0.0,0.4,1.0,0,0,0,0,3,0,0,6,6,0,2,0,,,,
B,INC-F3-T-ID-03-d4-random40-s0,F3,4,random40,0.375,0.3333333333333333,0.0,1.0,1.0,1.0,0.0,0.3333333333333333,1.0,0,0,0,0,3,0,0,6,6,0,2,0,,,,
C,INC-F3-T-ID-03-d4-random40-s0,F3,4,random40,0.375,0.0,1.0,0.3333333333333333,0.0,1.0,0.0,0.0,1.0,0,0,0,0,3,3,9,6,0,0,2,0,,,,
D,INC-F3-T-ID-03-d4-random40-s0,F3,4,random40,0.375,0.3333333333333333,0.0,1.0,1.0,1.0,0.0,0.3333333333333333,0.0,0,0,0,0,3,0,0,6,6,0,2,0,0.0161,3.0,2402.0,1.0
E,INC-F3-T-ID-03-d4-random40-s0,F3,4,random40,0.375,0.3333333333333333,0.0,1.0,1.0,1.0,0.0,0.3333333333333333,0.0,0,0,0,0,3,0,0,6,6,0,2,0,0.0131,3.0,2402.0,1.0
F,INC-F3-T-ID-03-d4-random40-s0,F3,4,random40,0.375,0.0,1.0,0.3333333333333333,0.0,1.0,0.0,0.0,0.0,0,0,0,0,3,3,9,6,0,0,2,0,0.1825,30.0,24035.0,2.0
G,INC-F3-T-ID-03-d4-random40-s0,F3,4,random40,0.375,0.0,1.0,0.75,0.8333333333333334,1.0,0.0,1.0,1.0,0,0,0,0,3,3,4,6,5,0,2,0,,,,
H,INC-F3-T-ID-03-d4-random40-s0,F3,4,random40,0.375,0.0,1.0,1.0,1.0,1.0,0.0,0.0,1.0,6,4,3,3,3,3,3,6,6,3,2,0,,,,
I,INC-F3-T-ID-03-d4-random40-s0,F3,4,random40,0.375,0.0,1.0,1.0,1.0,1.0,0.0,0.0,0.0,32,20,12,3,3,3,3,6,6,3,2,0,0.1254,12.0,9591.0,2.0
A,INC-F3-T-ID-03-d4-targeted-s0,F3,4,targeted,0.75,0.3333333333333333,0.0,1.0,1.0,1.0,0.0,0.4,1.0,0,0,0,0,3,0,0,6,6,0,2,0,,,,
B,INC-F3-T-ID-03-d4-targeted-s0,F3,4,targeted,0.75,0.3333333333333333,0.0,1.0,1.0,1.0,0.0,0.3333333333333333,1.0,0,0,0,0,3,0,0,6,6,0,2,0,,,,
C,INC-F3-T-ID-03-d4-targeted-s0,F3,4,targeted,0.75,0.0,1.0,0.3333333333333333,0.0,1.0,0.0,0.0,1.0,0,0,0,0,3,3,9,6,0,0,2,0,,,,
D,INC-F3-T-ID-03-d4-targeted-s0,F3,4,targeted,0.75,0.3333333333333333,0.3333333333333333,1.0,1.0,1.0,0.0,0.25,0.0,3,2,1,0,3,1,1,6,6,0,2,0,0.0349,6.0,4803.0,2.0
E,INC-F3-T-ID-03-d4-targeted-s0,F3,4,targeted,0.75,0.3333333333333333,0.3333333333333333,1.0,1.0,1.0,0.0,0.2222222222222222,0.0,6,4,2,1,3,1,1,6,6,1,2,0,0.0364,6.0,4803.0,2.0
F,INC-F3-T-ID-03-d4-targeted-s0,F3,4,targeted,0.75,0.0,1.0,0.3333333333333333,0.0,1.0,0.0,0.0,0.0,0,0,0,0,3,3,9,6,0,0,2,0,0.1305,30.0,24028.0,2.0
G,INC-F3-T-ID-03-d4-targeted-s0,F3,4,targeted,0.75,0.0,1.0,0.75,0.8333333333333334,1.0,0.0,1.0,1.0,0,0,0,0,3,3,4,6,5,0,2,0,,,,
H,INC-F3-T-ID-03-d4-targeted-s0,F3,4,targeted,0.75,0.0,1.0,1.0,1.0,1.0,0.0,0.0,1.0,6,4,3,3,3,3,3,6,6,3,2,0,,,,
I,INC-F3-T-ID-03-d4-targeted-s0,F3,4,targeted,0.75,0.0,1.0,1.0,1.0,1.0,0.0,0.0,0.0,32,20,12,3,3,3,3,6,6,3,2,0,0.1116,12.0,9604.0,2.0
A,INC-F4-T-ID-04-d3-complete-s0,F4,3,complete,0.0,0.0,0.0,1.0,1.0,1.0,0.0,0.0,1.0,0,0,0,0,1,0,0,6,6,0,2,0,,,,
B,INC-F4-T-ID-04-d3-complete-s0,F4,3,complete,0.0,0.0,0.0,1.0,1.0,1.0,0.0,0.0,1.0,0,0,0,0,1,0,0,6,6,0,2,0,,,,
C,INC-F4-T-ID-04-d3-complete-s0,F4,3,complete,0.0,0.0,1.0,0.14285714285714285,0.0,1.0,0.0,0.0,1.0,0,0,0,0,1,1,7,6,0,0,2,0,,,,
D,INC-F4-T-ID-04-d3-complete-s0,F4,3,complete,0.0,0.0,1.0,1.0,1.0,1.0,0.0,0.0,0.0,4,2,1,0,1,1,1,6,6,0,2,0,0.0442,6.0,4846.0,2.0
E,INC-F4-T-ID-04-d3-complete-s0,F4,3,complete,0.0,0.0,1.0,1.0,1.0,1.0,0.0,0.0,0.0,8,4,2,1,1,1,1,6,6,1,2,0,0.0439,6.0,4846.0,2.0
F,INC-F4-T-ID-04-d3-complete-s0,F4,3,complete,0.0,0.0,1.0,0.3333333333333333,0.6666666666666666,1.0,0.0,0.0,0.0,0,0,0,0,1,1,3,6,4,0,2,0,0.086,12.0,9691.0,2.0
G,INC-F4-T-ID-04-d3-complete-s0,F4,3,complete,0.0,0.0,1.0,0.3333333333333333,0.6666666666666666,1.0,0.0,1.0,1.0,0,0,0,0,1,1,3,6,4,0,2,0,,,,
H,INC-F4-T-ID-04-d3-complete-s0,F4,3,complete,0.0,0.0,1.0,1.0,1.0,1.0,0.0,0.0,1.0,4,2,1,1,1,1,1,6,6,1,2,0,,,,
I,INC-F4-T-ID-04-d3-complete-s0,F4,3,complete,0.0,0.0,1.0,1.0,1.0,1.0,0.0,0.0,0.0,15,8,4,1,1,1,1,6,6,1,2,0,0.0634,6.0,4846.0,2.0
A,INC-F4-T-ID-04-d3-random40-s0,F4,3,random40,0.3333333333333333,0.0,0.0,1.0,1.0,1.0,0.0,0.0,1.0,0,0,0,0,1,0,0,6,6,0,2,0,,,,
B,INC-F4-T-ID-04-d3-random40-s0,F4,3,random40,0.3333333333333333,0.0,0.0,1.0,1.0,1.0,0.0,0.0,1.0,0,0,0,0,1,0,0,6,6,0,2,0,,,,
C,INC-F4-T-ID-04-d3-random40-s0,F4,3,random40,0.3333333333333333,0.0,1.0,0.14285714285714285,0.0,1.0,0.0,0.0,1.0,0,0,0,0,1,1,7,6,0,0,2,0,,,,
D,INC-F4-T-ID-04-d3-random40-s0,F4,3,random40,0.3333333333333333,0.0,0.0,1.0,1.0,1.0,0.0,0.0,0.0,0,0,0,0,1,0,0,6,6,0,2,0,0.0197,3.0,2402.0,1.0
E,INC-F4-T-ID-04-d3-random40-s0,F4,3,random40,0.3333333333333333,0.0,0.0,1.0,1.0,1.0,0.0,0.0,0.0,0,0,0,0,1,0,0,6,6,0,2,0,0.0165,3.0,2402.0,1.0
F,INC-F4-T-ID-04-d3-random40-s0,F4,3,random40,0.3333333333333333,0.0,1.0,0.3333333333333333,0.6666666666666666,1.0,0.0,0.0,0.0,0,0,0,0,1,1,3,6,4,0,2,0,0.0757,12.0,9599.0,2.0
G,INC-F4-T-ID-04-d3-random40-s0,F4,3,random40,0.3333333333333333,0.0,1.0,0.3333333333333333,0.6666666666666666,1.0,0.0,1.0,1.0,0,0,0,0,1,1,3,6,4,0,2,0,,,,
H,INC-F4-T-ID-04-d3-random40-s0,F4,3,random40,0.3333333333333333,0.0,1.0,1.0,1.0,1.0,0.0,0.0,1.0,4,2,1,1,1,1,1,6,6,1,2,0,,,,
I,INC-F4-T-ID-04-d3-random40-s0,F4,3,random40,0.3333333333333333,0.0,1.0,1.0,1.0,1.0,0.0,0.0,0.0,15,8,4,1,1,1,1,6,6,1,2,0,0.0692,6.0,4809.0,2.0
A,INC-F4-T-ID-04-d3-targeted-s0,F4,3,targeted,0.6666666666666666,0.0,0.0,1.0,1.0,1.0,0.0,0.0,1.0,0,0,0,0,1,0,0,6,6,0,2,0,,,,
B,INC-F4-T-ID-04-d3-targeted-s0,F4,3,targeted,0.6666666666666666,0.0,0.0,1.0,1.0,1.0,0.0,0.0,1.0,0,0,0,0,1,0,0,6,6,0,2,0,,,,
C,INC-F4-T-ID-04-d3-targeted-s0,F4,3,targeted,0.6666666666666666,0.0,1.0,0.14285714285714285,0.0,1.0,0.0,0.0,1.0,0,0,0,0,1,1,7,6,0,0,2,0,,,,
D,INC-F4-T-ID-04-d3-targeted-s0,F4,3,targeted,0.6666666666666666,0.0,0.0,1.0,1.0,1.0,0.0,0.0,0.0,0,0,0,0,1,0,0,6,6,0,2,0,0.0179,3.0,2419.0,1.0
E,INC-F4-T-ID-04-d3-targeted-s0,F4,3,targeted,0.6666666666666666,0.0,0.0,1.0,1.0,1.0,0.0,0.0,0.0,0,0,0,0,1,0,0,6,6,0,2,0,0.0154,3.0,2419.0,1.0
F,INC-F4-T-ID-04-d3-targeted-s0,F4,3,targeted,0.6666666666666666,0.0,1.0,0.3333333333333333,0.6666666666666666,1.0,0.0,0.0,0.0,0,0,0,0,1,1,3,6,4,0,2,0,0.0799,12.0,9662.0,2.0
G,INC-F4-T-ID-04-d3-targeted-s0,F4,3,targeted,0.6666666666666666,0.0,1.0,0.3333333333333333,0.6666666666666666,1.0,0.0,1.0,1.0,0,0,0,0,1,1,3,6,4,0,2,0,,,,
H,INC-F4-T-ID-04-d3-targeted-s0,F4,3,targeted,0.6666666666666666,0.0,1.0,1.0,1.0,1.0,0.0,0.0,1.0,4,2,1,1,1,1,1,6,6,1,2,0,,,,
I,INC-F4-T-ID-04-d3-targeted-s0,F4,3,targeted,0.6666666666666666,0.0,1.0,1.0,1.0,1.0,0.0,0.0,0.0,15,8,4,1,1,1,1,6,6,1,2,0,0.0577,6.0,4839.0,2.0
A,INC-F4-T-ID-04-d4-complete-s0,F4,4,complete,0.0,0.0,0.0,1.0,1.0,1.0,0.0,0.0,1.0,0,0,0,0,1,0,0,8,8,0,2,0,,,,
B,INC-F4-T-ID-04-d4-complete-s0,F4,4,complete,0.0,0.0,0.0,1.0,1.0,1.0,0.0,0.0,1.0,0,0,0,0,1,0,0,8,8,0,2,0,,,,
C,INC-F4-T-ID-04-d4-complete-s0,F4,4,complete,0.0,0.0,1.0,0.1111111111111111,0.0,1.0,0.0,0.0,1.0,0,0,0,0,1,1,9,8,0,0,2,0,,,,
D,INC-F4-T-ID-04-d4-complete-s0,F4,4,complete,0.0,0.0,1.0,0.5,0.875,1.0,0.0,0.0,0.0,7,4,2,0,1,1,2,8,7,0,2,0,0.0469,9.0,7230.0,3.0
E,INC-F4-T-ID-04-d4-complete-s0,F4,4,complete,0.0,0.0,1.0,0.5,1.0,1.0,0.0,0.0,0.0,12,7,4,2,1,1,2,8,8,2,2,0,0.0502,9.0,7230.0,3.0
F,INC-F4-T-ID-04-d4-complete-s0,F4,4,complete,0.0,0.0,1.0,0.2,0.5,1.0,0.0,0.0,0.0,0,0,0,0,1,1,5,8,4,0,2,0,0.11,18.0,14465.0,2.0
G,INC-F4-T-ID-04-d4-complete-s0,F4,4,complete,0.0,0.0,1.0,0.25,0.625,1.0,0.0,1.0,1.0,0,0,0,0,1,1,4,8,5,0,2,0,,,,
H,INC-F4-T-ID-04-d4-complete-s0,F4,4,complete,0.0,0.0,1.0,1.0,1.0,1.0,0.0,0.0,1.0,4,2,1,1,1,1,1,8,8,1,2,0,,,,
I,INC-F4-T-ID-04-d4-complete-s0,F4,4,complete,0.0,0.0,1.0,1.0,1.0,1.0,0.0,0.0,0.0,21,12,6,1,1,1,1,8,8,1,2,0,0.0629,6.0,4825.0,2.0
A,INC-F4-T-ID-04-d4-random40-s0,F4,4,random40,0.375,0.0,0.0,1.0,1.0,1.0,0.0,0.0,1.0,0,0,0,0,1,0,0,8,8,0,2,0,,,,
B,INC-F4-T-ID-04-d4-random40-s0,F4,4,random40,0.375,0.0,0.0,1.0,1.0,1.0,0.0,0.0,1.0,0,0,0,0,1,0,0,8,8,0,2,0,,,,
C,INC-F4-T-ID-04-d4-random40-s0,F4,4,random40,0.375,0.0,1.0,0.1111111111111111,0.0,1.0,0.0,0.0,1.0,0,0,0,0,1,1,9,8,0,0,2,0,,,,
D,INC-F4-T-ID-04-d4-random40-s0,F4,4,random40,0.375,0.0,0.0,1.0,1.0,1.0,0.0,0.0,0.0,0,0,0,0,1,0,0,8,8,0,2,0,0.0207,3.0,2407.0,1.0
E,INC-F4-T-ID-04-d4-random40-s0,F4,4,random40,0.375,0.0,0.0,1.0,1.0,1.0,0.0,0.0,0.0,0,0,0,0,1,0,0,8,8,0,2,0,0.0173,3.0,2407.0,1.0
F,INC-F4-T-ID-04-d4-random40-s0,F4,4,random40,0.375,0.0,1.0,0.2,0.5,1.0,0.0,0.0,0.0,0,0,0,0,1,1,5,8,4,0,2,0,0.1031,18.0,14438.0,2.0
G,INC-F4-T-ID-04-d4-random40-s0,F4,4,random40,0.375,0.0,1.0,0.25,0.625,1.0,0.0,1.0,1.0,0,0,0,0,1,1,4,8,5,0,2,0,,,,
H,INC-F4-T-ID-04-d4-random40-s0,F4,4,random40,0.375,0.0,1.0,1.0,1.0,1.0,0.0,0.0,1.0,4,2,1,1,1,1,1,8,8,1,2,0,,,,
I,INC-F4-T-ID-04-d4-random40-s0,F4,4,random40,0.375,0.0,1.0,1.0,1.0,1.0,0.0,0.0,0.0,21,12,6,1,1,1,1,8,8,1,2,0,0.0637,6.0,4815.0,2.0
A,INC-F4-T-ID-04-d4-targeted-s0,F4,4,targeted,0.75,0.0,0.0,1.0,1.0,1.0,0.0,0.0,1.0,0,0,0,0,1,0,0,8,8,0,2,0,,,,
B,INC-F4-T-ID-04-d4-targeted-s0,F4,4,targeted,0.75,0.0,0.0,1.0,1.0,1.0,0.0,0.0,1.0,0,0,0,0,1,0,0,8,8,0,2,0,,,,
C,INC-F4-T-ID-04-d4-targeted-s0,F4,4,targeted,0.75,0.0,1.0,0.1111111111111111,0.0,1.0,0.0,0.0,1.0,0,0,0,0,1,1,9,8,0,0,2,0,,,,
D,INC-F4-T-ID-04-d4-targeted-s0,F4,4,targeted,0.75,0.0,0.0,1.0,1.0,1.0,0.0,0.0,0.0,0,0,0,0,1,0,0,8,8,0,2,0,0.0313,3.0,2404.0,1.0
E,INC-F4-T-ID-04-d4-targeted-s0,F4,4,targeted,0.75,0.0,0.0,1.0,1.0,1.0,0.0,0.0,0.0,0,0,0,0,1,0,0,8,8,0,2,0,0.0157,3.0,2404.0,1.0
F,INC-F4-T-ID-04-d4-targeted-s0,F4,4,targeted,0.75,0.0,1.0,0.2,0.5,1.0,0.0,0.0,0.0,0,0,0,0,1,1,5,8,4,0,2,0,0.1293,18.0,14369.0,2.0
G,INC-F4-T-ID-04-d4-targeted-s0,F4,4,targeted,0.75,0.0,1.0,0.25,0.625,1.0,0.0,1.0,1.0,0,0,0,0,1,1,4,8,5,0,2,0,,,,
H,INC-F4-T-ID-04-d4-targeted-s0,F4,4,targeted,0.75,0.0,1.0,1.0,1.0,1.0,0.0,0.0,1.0,4,2,1,1,1,1,1,8,8,1,2,0,,,,
I,INC-F4-T-ID-04-d4-targeted-s0,F4,4,targeted,0.75,0.0,1.0,1.0,1.0,1.0,0.0,0.0,0.0,21,12,6,1,1,1,1,8,8,1,2,0,0.0657,6.0,4789.0,2.0
